<?xml version="1.0" encoding="UTF-8"?>
<project-private xmlns="http://www.netbeans.org/ns/project-private/1">
    <editor-bookmarks xmlns="http://www.netbeans.org/ns/editor-bookmarks/2" lastBookmarkId="0"/>
    <open-files xmlns="http://www.netbeans.org/ns/projectui-open-files/2">
        <group>
            <file>file:/C:/Users/mehme/OneDrive/Belgeler/NetBeansProjects/JavaApplication1/src/ui/PastCourses.java</file>
            <file>file:/C:/Users/mehme/OneDrive/Belgeler/NetBeansProjects/JavaApplication1/src/ui/UserScreen.java</file>
            <file>file:/C:/Users/mehme/OneDrive/Belgeler/NetBeansProjects/JavaApplication1/src/ui/ClassSearch.java</file>
            <file>file:/C:/Users/mehme/OneDrive/Belgeler/NetBeansProjects/JavaApplication1/src/ui/YourInstructors.java</file>
            <file>file:/C:/Users/mehme/OneDrive/Belgeler/NetBeansProjects/JavaApplication1/src/ui/CourseAddDrop.java</file>
            <file>file:/C:/Users/mehme/OneDrive/Belgeler/NetBeansProjects/JavaApplication1/src/ui/Login.java</file>
        </group>
    </open-files>
</project-private>
